{"CURVES": {"MD": [0.0, 30.0, 60.0, 90.0, 120.0, 150.0, 180.0, 210.0, 240.0, 270.0, 300.0, 330.0, 360.0, 390.0, 420.0, 450.0, 480.0, 500.0, 510.0, 540.0, 570.0, 600.0, 630.0, 660.0, 690.0, 720.0, 741.8017084898361, 750.0, 780.0, 810.0, 840.0, 870.0, 900.0, 930.0, 960.0, 990.0, 1020.0, 1050.0, 1080.0, 1110.0, 1140.0, 1170.0, 1200.0, 1230.0, 1260.0, 1290.0, 1320.0, 1350.0, 1380.0, 1410.0, 1440.0, 1470.0, 1500.0, 1530.0, 1560.0, 1590.0, 1620.0, 1650.0, 1680.0, 1710.0, 1740.0, 1770.0, 1800.0, 1830.0, 1860.0, 1890.0, 1920.0, 1950.0, 1980.0, 2010.0, 2040.0, 2070.0, 2100.0, 2130.0, 2160.0, 2190.0, 2220.0, 2250.0, 2280.0, 2299.363822202261, 2310.0, 2340.0, 2370.0, 2400.0, 2430.0, 2460.0, 2490.0, 2520.0, 2550.0, 2580.0, 2610.0, 2640.0, 2670.0, 2700.0, 2730.0, 2760.0, 2790.0, 2820.0, 2850.0, 2880.0, 2910.0, 2940.0, 2966.9950408707723], "EAST": [810.2832174421529, 810.2832174421529, 810.2832174421529, 810.2832174421529, 810.2832174421529, 810.2832174421529, 810.2832174421529, 810.2832174421529, 810.2832174421529, 810.2832174421529, 810.2832174421529, 810.2832174421529, 810.2832174421529, 810.2832174421529, 810.2832174421529, 810.2832174421529, 810.2832174421529, 810.2832174421529, 810.2947996376776, 810.4684620181642, 810.8500538411488, 811.4385291899684, 812.2322750945965, 813.229115952681, 814.4263194927195, 815.8206042630253, 816.9553590844356, 817.4010621599939, 819.0320229827666, 820.6629838055394, 822.293944628312, 823.9249054510848, 825.5558662738575, 827.1868270966303, 828.817787919403, 830.4487487421758, 832.0797095649485, 833.7106703877213, 835.341631210494, 836.9725920332668, 838.6035528560395, 840.2345136788123, 841.865474501585, 843.4964353243578, 845.1273961471305, 846.7583569699033, 848.3893177926759, 850.0202786154487, 851.6512394382214, 853.2822002609942, 854.9131610837669, 856.5441219065397, 858.1750827293124, 859.8060435520852, 861.4370043748579, 863.0679651976307, 864.6989260204034, 866.3298868431762, 867.9608476659489, 869.5918084887217, 871.2227693114944, 872.8537301342672, 874.4846909570399, 876.1156517798125, 877.7466126025853, 879.377573425358, 881.0085342481308, 882.6394950709035, 884.2704558936763, 885.901416716449, 887.5323775392218, 889.1633383619945, 890.7942991847673, 892.42526000754, 894.0562208303128, 895.6871816530855, 897.3181424758583, 898.949103298631, 900.5800641214037, 901.6327853011046, 902.2510439004776, 904.4245351240867, 907.2275227248372, 910.6523239085487, 914.6895515332319, 919.3281398385916, 924.555374776507, 930.3569288593542, 936.7169004306531, 943.6178572504028, 951.0408842756403, 958.9656355052575, 967.3703897469767, 976.2321101536288, 985.5265073655496, 995.2281060860271, 1005.3103149073181, 1015.7454991958494, 1026.5050568368267, 1037.559496630644, 1048.878519126211, 1060.4310996696427, 1071.0], "NORTH": [531.6061007594647, 531.6061007594647, 531.6061007594647, 531.6061007594647, 531.6061007594647, 531.6061007594647, 531.6061007594647, 531.6061007594647, 531.6061007594647, 531.6061007594647, 531.6061007594647, 531.6061007594647, 531.6061007594647, 531.6061007594647, 531.6061007594647, 531.6061007594647, 531.6061007594647, 531.6061007594647, 531.6925929649975, 532.989449184918, 535.8390573022386, 540.2336067391835, 546.1610523412073, 553.6051473919268, 562.5454881442406, 572.957569745582, 581.4315630428395, 584.7599338975707, 596.939438068427, 609.1189422392832, 621.2984464101395, 633.4779505809958, 645.657454751852, 657.8369589227083, 670.0164630935645, 682.1959672644208, 694.3754714352771, 706.5549756061333, 718.7344797769896, 730.9139839478458, 743.0934881187021, 755.2729922895584, 767.4524964604146, 779.6320006312709, 791.8115048021272, 803.9910089729835, 816.1705131438397, 828.350017314696, 840.5295214855523, 852.7090256564086, 864.8885298272647, 877.0680339981211, 889.2475381689774, 901.4270423398335, 913.6065465106899, 925.7860506815462, 937.9655548524024, 950.1450590232587, 962.324563194115, 974.5040673649712, 986.6835715358275, 998.8630757066837, 1011.04257987754, 1023.2220840483963, 1035.4015882192525, 1047.5810923901088, 1059.760596560965, 1071.9401007318213, 1084.1196049026776, 1096.2991090735336, 1108.47861324439, 1120.6581174152464, 1132.8376215861026, 1145.0171257569589, 1157.1966299278151, 1169.3761340986714, 1181.5556382695277, 1193.735142440384, 1205.9146466112402, 1213.776038387112, 1218.1754276348227, 1231.4493564352426, 1245.971738351829, 1261.7027685451865, 1278.599329355006, 1296.615108482573, 1315.7007259295608, 1335.8038693451717, 1356.8694374106562, 1378.8396908681964, 1401.6544107801985, 1425.251063585216, 1449.5649724980929, 1474.5294947845387, 1500.0762044242283, 1526.13507966177, 1552.6346949314677, 1579.5024166298324, 1606.664602199242, 1634.0468019770706, 1661.5739632570405, 1689.1706360034734, 1714.0], "TVD": [-0.0, -30.0, -60.0, -90.0, -120.0, -150.0, -180.0, -210.0, -240.0, -270.0, -300.0, -330.0, -360.0, -390.0, -420.0, -450.0, -480.0, -500.0, -509.99949231203294, -539.9675153925352, -569.8259902914544, -599.4930770045298, -628.8874601092149, -657.928571644598, -686.5368119425838, -714.6337678050497, -734.6877179059398, -742.1667071362731, -769.5345650163972, -796.9024228965214, -824.2702807766456, -851.6381386567698, -879.0059965368939, -906.3738544170182, -933.7417122971424, -961.1095701772665, -988.4774280573906, -1015.8452859375149, -1043.213143817639, -1070.5810016977632, -1097.9488595778873, -1125.3167174580117, -1152.6845753381358, -1180.05243321826, -1207.420291098384, -1234.7881489785084, -1262.1560068586323, -1289.5238647387566, -1316.891722618881, -1344.259580499005, -1371.6274383791292, -1398.9952962592533, -1426.3631541393775, -1453.7310120195016, -1481.098869899626, -1508.46672777975, -1535.8345856598744, -1563.2024435399985, -1590.5703014201226, -1617.9381593002468, -1645.306017180371, -1672.673875060495, -1700.0417329406193, -1727.4095908207437, -1754.7774487008678, -1782.145306580992, -1809.513164461116, -1836.8810223412402, -1864.2488802213647, -1891.6167381014884, -1918.984595981613, -1946.352453861737, -1973.7203117418612, -2001.0881696219853, -2028.4560275021095, -2055.8238853822336, -2083.191743262358, -2110.5596011424823, -2137.9274590226064, -2155.592336824189, -2165.256091787073, -2192.067901724735, -2218.164608145468, -2243.474681790931, -2267.9287495085446, -2291.4597843984757, -2314.003289529713, -2335.497474721672, -2355.8834259067844, -2375.105266609861, -2393.1103111016287, -2409.8492088066514, -2425.2760795698255, -2439.348639410698, -2452.028316420917, -2463.2803564871506, -2473.073918549697, -2481.3821591356855, -2488.1823059351677, -2493.4557202184396, -2497.1879479235004, -2499.368759273635, -2500.0],