{"CURVES": {"MD": [0.0, 30.0, 60.0, 90.0, 120.0, 150.0, 180.0, 210.0, 240.0, 270.0, 300.0, 330.0, 360.0, 390.0, 420.0, 450.0, 480.0, 500.0, 510.0, 540.0, 570.0, 600.0, 630.0, 643.4983387680783, 660.0, 690.0, 720.0, 750.0, 780.0, 810.0, 840.0, 870.0, 900.0, 930.0, 960.0, 990.0, 1020.0, 1050.0, 1080.0, 1110.0, 1140.0, 1170.0, 1200.0, 1230.0, 1260.0, 1290.0, 1320.0, 1350.0, 1380.0, 1410.0, 1440.0, 1470.0, 1500.0, 1530.0, 1560.0, 1590.0, 1620.0, 1650.0, 1680.0, 1710.0, 1740.0, 1770.0, 1800.0, 1825.0042577883837, 1830.0, 1860.0, 1890.0, 1920.0, 1950.0, 1980.0, 2010.0, 2040.0, 2070.0, 2100.0, 2130.0, 2160.0, 2190.0, 2220.0, 2250.0, 2280.0, 2310.0, 2340.0, 2370.0, 2400.0, 2430.0, 2460.0, 2490.0, 2520.0, 2550.0, 2580.0, 2610.0, 2640.0, 2670.0, 2700.0, 2730.0, 2760.0, 2790.0, 2820.0, 2850.0, 2867.2531473591303], "EAST": [810.2832174421529, 810.2832174421529, 810.2832174421529, 810.2832174421529, 810.2832174421529, 810.2832174421529, 810.2832174421529, 810.2832174421529, 810.2832174421529, 810.2832174421529, 810.2832174421529, 810.2832174421529, 810.2832174421529, 810.2832174421529, 810.2832174421529, 810.2832174421529, 810.2832174421529, 810.2832174421529, 810.3235193281187, 810.9278021206225, 812.2556047900513, 814.3032879215828, 817.0652389580862, 818.5390108956545, 820.4278333232872, 823.8617101937788, 827.2955870642703, 830.7294639347618, 834.1633408052534, 837.5972176757448, 841.0310945462363, 844.4649714167278, 847.8988482872194, 851.3327251577109, 854.7666020282024, 858.2004788986939, 861.6343557691854, 865.0682326396769, 868.5021095101685, 871.93598638066, 875.3698632511514, 878.8037401216429, 882.2376169921345, 885.671493862626, 889.1053707331175, 892.539247603609, 895.9731244741006, 899.407001344592, 902.8408782150835, 906.2747550855751, 909.7086319560666, 913.142508826558, 916.5763856970495, 920.0102625675411, 923.4441394380326, 926.8780163085241, 930.3118931790157, 933.7457700495072, 937.1796469199986, 940.6135237904901, 944.0474006609817, 947.4812775314732, 950.9151544019646, 953.777205818076, 954.3419646645883, 957.4341091066415, 960.0072024578974, 962.0541920483338, 963.5694672217676, 964.5488747142742, 964.9897300379941, 964.8908248391288, 964.2524302099532, 963.076295945772, 961.365645748851, 959.125168392474, 956.3610048693415, 953.0807315595355, 949.2933394641892, 945.0092095617777, 940.240084354577, 934.9990356832825, 929.3004288980013, 923.1598834838265, 916.5942302489144, 909.6214651924088, 902.2607001786587, 894.5321105529263, 886.4568798421678, 878.0571416924594, 869.3559192022105, 860.3770618174525, 851.1451799621642, 841.6855775828107, 832.0241827919849, 822.1874768012532, 812.2024213379951, 802.0963847451828, 791.897066966655, 786.0], "NORTH": [531.6061007594647, 531.6061007594647, 531.6061007594647, 531.6061007594647, 531.6061007594647, 531.6061007594647, 531.6061007594647, 531.6061007594647, 531.6061007594647, 531.6061007594647, 531.6061007594647, 531.6061007594647, 531.6061007594647, 531.6061007594647, 531.6061007594647, 531.6061007594647, 531.6061007594647, 531.6061007594647, 531.5287004567604, 530.368167396384, 527.818104884851, 523.8855024662532, 518.5811391304678, 515.7507407173066, 512.1232323724707, 505.5284266243947, 498.93362087631857, 492.33881512824246, 485.7440093801664, 479.1492036320903, 472.5543978840142, 465.95959213593807, 459.36478638786195, 452.7699806397859, 446.1751748917098, 439.5803691436337, 432.9855633955576, 426.3907576474815, 419.7959518994054, 413.20114615132934, 406.6063404032532, 400.0115346551771, 393.416728907101, 386.8219231590249, 380.22711741094884, 373.6323116628728, 367.0375059147966, 360.44270016672056, 353.84789441864444, 347.25308867056833, 340.6582829224923, 334.06347717441616, 327.46867142634005, 320.873865678264, 314.2790599301879, 307.6842541821118, 301.08944843403566, 294.49464268595955, 287.89983693788344, 281.3050311898073, 274.71022544173127, 268.11541969365516, 261.52061394557904, 256.0240065126054, 254.9457192209926, 249.31187086414286, 245.13113607204002, 242.41497394814996, 241.17082930405616, 241.40211225374856, 243.10818886673826, 246.28438290561735, 250.92198864329941, 257.0082947248137, 264.5266190082448, 273.4563542893238, 283.77302478434393, 295.44835321658104, 308.4503383223447, 322.7433425642168, 338.2881898110649, 355.0422727170946, 372.95966950562223, 391.9912698374738, 412.08490941900965, 433.18551298082883, 455.2352452352532, 478.17366939883146, 501.9379128453618, 526.4628394353892, 551.6812280498375, 577.5239568384231, 603.9201926778425, 630.7975853204396, 658.0824657012058, 685.7000478595663, 713.5746339224995, 741.6298215871457, 769.7887135342082, 786.0000000000001], "TVD": [-0.0, -30.0, -60.0, -90.0, -120.0, -150.0, -180.0, -210.0, -240.0, -270.0, -300.0, -330.0, -360.0, -390.0, -420.0, -450.0, -480.0, -500.0, -509.99949231203294, -539.9675153925352, -569.8259902914544, -599.4930770045298, -628.8874601092149, -642.0028542447233, -657.989672454052, -687.0536884666998, -716.1177044793476, -745.1817204919953, -774.2457365046431, -803.3097525172908, -832.3737685299386, -861.4377845425863, -890.5018005552341, -919.5658165678819, -948.6298325805296, -977.6938485931774, -1006.7578646058253, -1035.821880618473, -1064.8858966311209, -1093.9499126437686, -1123.0139286564163, -1152.077944669064, -1181.1419606817117, -1210.2059766943596, -1239.2699927070073, -1268.3340087196552, -1297.398024732303, -1326.4620407449506, -1355.5260567575983, -1384.5900727702463, -1413.654088782894, -1442.7181047955419, -1471.7821208081896, -1500.8461368208373, -1529.910152833485, -1558.974168846133, -1588.0381848587806, -1617.1022008714285, -1646.1662168840762, -1675.230232896724, -1704.2942489093718, -1733.3582649220195, -1762.4222809346672, -1786.6464192261992, -1791.4915844548502, -1820.791632193251, -1850.3837772529603, -1880.1869096212945, -1910.1193409840223, -1940.099028627356, -1970.0438003113281, -1999.871579498188, -2029.5006103184887, -2058.8496816582397, -2087.838349752928, -2116.387158678284, -2144.417858133446, -2171.8536179195976, -2198.619238526202, -2224.641357247631, -2249.8486492652446, -2274.1720231437607, -2297.5448102060745, -2319.9029472674706, -2341.1851522283596, -2361.333092044251, -2380.2915426125755, -2398.008540138111, -2414.435523562134, -2429.527467664905, -2443.2430064766654, -2455.5445466588885, -2466.3983705450037, -2475.77472855818, -2483.6479207528455, -2489.9963672564536, -2494.8026674184125, -2498.053647504061, -2499.7403968029566, -2500.0],