{"CURVES": {"MD": [0.0, 30.0, 60.0, 90.0, 120.0, 150.0, 180.0, 210.0, 240.0, 270.0, 300.0, 330.0, 360.0, 390.0, 420.0, 450.0, 480.0, 500.0, 510.0, 540.0, 570.0, 600.0, 630.0, 645.5509622639876, 660.0, 690.0, 720.0, 750.0, 780.0, 810.0, 840.0, 870.0, 900.0, 930.0, 960.0, 990.0, 1020.0, 1050.0, 1080.0, 1110.0, 1140.0, 1170.0, 1200.0, 1230.0, 1260.0, 1290.0, 1320.0, 1350.0, 1380.0, 1410.0, 1440.0, 1470.0, 1500.0, 1530.0, 1560.0, 1590.0, 1620.0, 1650.0, 1680.0, 1710.0, 1740.0, 1770.0, 1800.0, 1830.0, 1860.0, 1890.0, 1910.4020587580626, 1920.0, 1950.0, 1980.0, 2010.0, 2040.0, 2070.0, 2100.0, 2130.0, 2160.0, 2190.0, 2220.0, 2250.0, 2280.0, 2310.0, 2340.0, 2370.0, 2400.0, 2430.0, 2460.0, 2490.0, 2520.0, 2550.0, 2580.0, 2610.0, 2640.0, 2670.0, 2700.0, 2730.0, 2760.0, 2790.0, 2820.0, 2850.0, 2880.0, 2884.850757243752], "EAST": [810.2832174421529, 810.2832174421529, 810.2832174421529, 810.2832174421529, 810.2832174421529, 810.2832174421529, 810.2832174421529, 810.2832174421529, 810.2832174421529, 810.2832174421529, 810.2832174421529, 810.2832174421529, 810.2832174421529, 810.2832174421529, 810.2832174421529, 810.2832174421529, 810.2832174421529, 810.2832174421529, 810.2245942707906, 809.3456038005593, 807.4141804549765, 804.4356181311812, 800.4180808614651, 797.9301817964514, 795.4907810129858, 790.4259438355199, 785.3611066580538, 780.2962694805877, 775.2314323031218, 770.1665951256557, 765.1017579481897, 760.0369207707237, 754.9720835932576, 749.9072464157916, 744.8424092383256, 739.7775720608595, 734.7127348833935, 729.6478977059274, 724.5830605284614, 719.5182233509954, 714.4533861735293, 709.3885489960634, 704.3237118185973, 699.2588746411312, 694.1940374636653, 689.1292002861992, 684.0643631087332, 678.9995259312672, 673.9346887538011, 668.8698515763351, 663.805014398869, 658.740177221403, 653.675340043937, 648.6105028664709, 643.5456656890049, 638.4808285115389, 633.4159913340728, 628.3511541566068, 623.2863169791408, 618.2214798016748, 613.1566426242088, 608.0918054467427, 603.0269682692767, 597.9621310918106, 592.8972939143446, 587.8324567368786, 584.3880198803892, 582.7425462581277, 577.280196869433, 571.346026498029, 564.9563002924249, 558.1285320480055, 550.8814362029366, 543.2348765431899, 535.2098117572872, 526.828237989991, 518.1131285524016, 509.08837095370734, 499.7787014271833, 490.20963712989436, 480.4074062019419, 470.3988758769548, 460.2114788408693, 449.87313804084414, 439.4121901504028, 428.85730790058153, 418.2374214899662, 407.581639289029, 396.9191680561084, 386.2792328837146, 375.69099709458214, 365.1834823070299, 354.7854888887222, 344.52551701686286, 334.43168856119075, 324.53167000388964, 314.85259660768304, 305.42099803996587, 296.2627256568299, 287.4028816462935, 285.9999999999999], "NORTH": [531.6061007594647, 531.6061007594647, 531.6061007594647, 531.6061007594647, 531.6061007594647, 531.6061007594647, 531.6061007594647, 531.6061007594647, 531.6061007594647, 531.6061007594647, 531.6061007594647, 531.6061007594647, 531.6061007594647, 531.6061007594647, 531.6061007594647, 531.6061007594647, 531.6061007594647, 531.6061007594647, 531.5414604264631, 530.5722491848934, 528.4425819334651, 525.1582959420832, 520.7283932103622, 517.9851328186223, 515.295348637678, 509.71064971844055, 504.12595079920305, 498.54125187996556, 492.95655296072806, 487.3718540414906, 481.7871551222531, 476.20245620301563, 470.6177572837782, 465.0330583645407, 459.4483594453032, 453.8636605260657, 448.27896160682826, 442.69426268759076, 437.10956376835327, 431.52486484911583, 425.94016592987833, 420.35546701064084, 414.7707680914034, 409.1860691721659, 403.6013702529284, 398.01667133369097, 392.43197241445347, 386.847273495216, 381.26257457597853, 375.67787565674104, 370.09317673750354, 364.5084778182661, 358.92377889902855, 353.3390799797911, 347.75438106055367, 342.1696821413162, 336.5849832220787, 331.00028430284124, 325.41558538360374, 319.83088646436624, 314.2461875451288, 308.66148862589137, 303.0767897066538, 297.4920907874164, 291.90739186817893, 286.3226929489414, 282.5247144323957, 280.8137508372208, 276.4467254253109, 273.57468334855946, 272.2054966746655, 272.34291824913134, 273.9865714089734, 277.1319510151293, 281.77043580073155, 287.88931200139973, 295.4718082027856, 304.4971413098542, 314.94057351190213, 326.7734800871778, 339.9634278612536, 354.4742641041026, 370.2662156222192, 387.2959977741773, 405.516933110824, 424.8790793149234, 445.32936608957607, 466.8117406202149, 489.26732121147285, 512.6345586778175, 536.8494050455906, 561.8454891040512, 587.5542983242516, 613.9053666471169, 640.8264676260142, 668.2438123944228, 696.0822519160893, 724.2654829633107, 752.716257258779, 781.3565932077395, 786.0000000000005], "TVD": [-0.0, -30.0, -60.0, -90.0, -120.0, -150.0, -180.0, -210.0, -240.0, -270.0, -300.0, -330.0, -360.0, -390.0, -420.0, -450.0, -480.0, -500.0, -509.99949231203294, -539.9675153925352, -569.8259902914544, -599.4930770045298, -628.8874601092149, -643.9905214744377, -657.975837930431, -687.0130306726234, -716.0502234148156, -745.087416157008, -774.1246088992002, -803.1618016413926, -832.1989943835848, -861.2361871257772, -890.2733798679694, -919.3105726101619, -948.3477653523541, -977.3849580945464, -1006.4221508367388, -1035.459343578931, -1064.4965363211234, -1093.5337290633156, -1122.570921805508, -1151.6081145477003, -1180.6453072898926, -1209.682500032085, -1238.719692774277, -1267.7568855164695, -1296.7940782586618, -1325.831271000854, -1354.8684637430465, -1383.9056564852385, -1412.942849227431, -1441.9800419696235, -1471.0172347118157, -1500.054427454008, -1529.0916201962004, -1558.1288129383925, -1587.166005680585, -1616.2031984227772, -1645.2403911649694, -1674.2775839071617, -1703.314776649354, -1732.3519693915464, -1761.3891621337386, -1790.4263548759309, -1819.4635476181231, -1848.5007403603156, -1868.248024110162, -1877.5476661484038, -1906.7176203862598, -1935.9807609959685, -1965.2568797431743, -1994.4657328213498, -2023.5272607944894, -2052.3618080344613, -2080.8903410515454, -2109.034665119736, -2136.71763860305, -2163.8633843953894, -2190.397497894415, -2216.2472509393906, -2241.341791154013, -2265.612336147855, -2288.9923620441123, -2311.4177858169296, -2332.8271409385175, -2353.1617458546343, -2372.365864826645, -2390.38686069931, -2407.1753391755665, -2422.685284202863, -2436.8741840999637, -2449.7031480785085, -2461.1370128399626, -2471.1444389557737, -2479.6979967665648, -2486.774241564928, -2492.3537778557343, -2496.4213125178394, -2498.965696721466, -2499.979956486369, -2500.0],