{"CURVES": {"MD": [0.0, 30.0, 60.0, 90.0, 120.0, 150.0, 180.0, 210.0, 240.0, 270.0, 300.0, 330.0, 360.0, 390.0, 400.0, 420.0, 450.0, 480.0, 510.0, 531.1382682243571, 540.0, 570.0, 600.0, 630.0, 660.0, 690.0, 720.0, 750.0, 780.0, 810.0, 840.0, 870.0, 900.0, 930.0, 960.0, 990.0, 991.314865416593, 1020.0, 1050.0, 1080.0, 1110.0, 1140.0, 1170.0, 1200.0, 1230.0, 1260.0, 1290.0, 1320.0, 1350.0, 1380.0, 1410.0, 1440.0, 1470.0, 1500.0, 1530.0, 1560.0, 1590.0, 1620.0, 1650.0, 1680.0, 1710.0, 1740.0, 1770.0, 1800.0, 1830.0, 1860.0, 1890.0, 1899.973005045817], "EAST": [-708.659461189252, -708.659461189252, -708.659461189252, -708.659461189252, -708.659461189252, -708.659461189252, -708.659461189252, -708.659461189252, -708.659461189252, -708.659461189252, -708.659461189252, -708.659461189252, -708.659461189252, -708.659461189252, -708.6594611892522, -709.0073283606142, -710.8324722263447, -714.2168636100484, -719.1512261301889, -723.5516902418361, -725.5555952888818, -732.3395008429413, -739.1234063970008, -745.9073119510604, -752.6912175051199, -759.4751230591794, -766.259028613239, -773.0429341672985, -779.826839721358, -786.6107452754176, -793.3946508294771, -800.1785563835366, -806.9624619375961, -813.7463674916557, -820.5302730457153, -827.3141785997748, -827.611509359857, -833.9273074324221, -840.1558290244534, -845.9823184906004, -851.3908058282306, -856.3664667494908, -860.89566331365, -864.9659813077462, -868.5662642730822, -871.6866440843023, -874.3185679972391, -876.45482209139, -878.0895510427721, -879.2182741729583, -879.8378977303053, -879.9467233697119, -879.544452807665, -878.6321886398135, -877.212431318831, -875.2890723008479, -872.8673833792417, -869.9540022350169, -866.5569142433832, -862.6854305863968, -858.3501627316583, -853.5629933470166, -848.3370437310027, -842.6866378482632, -836.6272630685676, -830.175527717005, -823.3491155517196, -821.0], "NORTH": [-786.4067431312001, -786.4067431312001, -786.4067431312001, -786.4067431312001, -786.4067431312001, -786.4067431312001, -786.4067431312001, -786.4067431312001, -786.4067431312001, -786.4067431312001, -786.4067431312001, -786.4067431312001, -786.4067431312001, -786.4067431312001, -786.4067431312001, -786.3782710959432, -786.2288877543351, -785.9518840048224, -785.5480190954283, -785.1878524006448, -785.0238379150945, -784.4685926547908, -783.913347394487, -783.3581021341834, -782.8028568738796, -782.2476116135758, -781.6923663532721, -781.1371210929683, -780.5818758326647, -780.0266305723609, -779.4713853120571, -778.9161400517534, -778.3608947914496, -777.805649531146, -777.2504042708422, -776.6951590105384, -776.670823250855, -775.4426505947088, -772.6692185190225, -768.3809987485288, -762.5897449955485, -755.3113306840733, -746.5657054418145, -736.3768404196603, -724.772662588417, -711.7849781929235, -697.4493855733451, -681.8051775925971, -664.8952339373393, -646.7659035877349, -627.4668777781178, -607.0510537967737, -585.5743899981483, -563.0957524248896, -539.6767534601146, -515.3815829521513, -490.27683227462535, -464.4313118041341, -437.9158623157871, -410.80316081356534, -383.1675213277058, -355.0846912251096, -326.63164359107424, -297.8863662514174, -268.92764801326774, -239.83486271041977, -210.68775164517407, -200.9999999999999], "TVD": [-0.0, -30.0, -60.0, -90.0, -120.0, -150.0, -180.0, -210.0, -240.0, -270.0, -300.0, -330.0, -360.0, -390.0, -400.0, -419.9959386818404, -449.93656219768746, -479.74031306759855, -509.32550128207254, -529.9962995174135, -538.6269283400655, -567.844565618506, -597.0622028969464, -626.2798401753868, -655.4974774538272, -684.7151147322677, -713.932752010708, -743.1503892891484, -772.3680265675888, -801.5856638460292, -830.8033011244696, -860.02093840291, -889.2385756813504, -918.4562129597908, -947.6738502382311, -976.8914875166716, -978.1720628770709, -1006.1232234374992, -1035.3346594742677, -1064.4457843878101, -1093.3768066082287, -1122.0484282145874, -1150.3820622850033, -1178.3000482979362, -1205.72586499428, -1232.5843401168152, -1258.8018564521406, -1284.3065536103386, -1309.0285249893077, -1332.900009383902, -1355.8555767146818, -1377.832307367216, -1398.7699646503695, -1418.6111599008877, -1437.301509781734, -1454.789785343035, -1471.028052437072, -1485.9718031024488, -1499.5800775573189, -1511.8155764673008, -1522.6447631803617, -1532.0379556484486, -1539.9694077839188, -1546.4173800277779, -1551.3641989362986, -1554.7963056227015, -1556.7042929211223, -1557.0], "INCL": [0.0, 0.0, 0.0, 0.0, 0.0, 0.0, 0.0, 0.0, 0.0, 0.0, 0.0, 0.0, 0.0, 0.0, 0.0, 1.9999999999999472, 5.000000000000064, 8.000000000000027, 10.99999999999996, 13.11382682243571, 13.11382682243571, 13.11382682243571, 13.11382682243571, 13.11382682243571, 13.11382682243571, 13.11382682243571, 13.11382682243571, 13.11382682243571, 13.11382682243571, 13.11382682243571, 13.11382682243571, 13.11382682243571, 13.11382682243571, 13.11382682243571, 13.11382682243571, 13.11382682243571, 13.11382682243571, 12.967589518198073, 13.471240257736724, 14.576773049096317, 16.161101499222287, 18.098870980998516, 20.28900085269948, 22.65835868537306, 25.156274004636906, 27.74796384396424, 30.409369716205752, 33.12359421245613, 35.87854974987728, 38.66542333253579, 41.477668841212754, 44.31033720025582, 47.159624026914166, 50.02255891458943, 52.89678832280322, 55.78042132015877, 58.67191820703673, 61.57000884506482, 64.47363186738892, 67.38188876264653, 70.29400868013487, 73.20932104103517, 76.12723387692097, 79.04721638859164, 81.96878461272902, 84.8914893573333, 87.81490575609659, 88.78683407740893], "AZ": [0.0, 0.0, 0.0, 0.0, 0.0, 0.0, 0.0, 0.0, 0.0, 0.0, 0.0, 0.0, 0.0, 0.0, 0.0, 274.67908272135423, 274.67908272135423, 274.67908272135423, 274.67908272135423, 274.67908272135423, 274.67908272135423, 274.67908272135423, 274.67908272135423, 274.67908272135423, 274.67908272135423, 274.67908272135423, 274.67908272135423, 274.67908272135423, 274.67908272135423, 274.67908272135423, 274.67908272135423, 274.67908272135423, 274.67908272135423, 274.67908272135423, 274.67908272135423, 274.67908272135423, 274.67908272135423, 287.4001412301736, 300.3611575334803, 311.89690722364327, 321.53206029328015, 329.3251762972935, 335.57378304212705, 340.60921837596766, 344.71497825813896, 348.1112719248933, 350.9630069637237, 353.3924639702007, 355.4905721238149, 357.3255538595887, 358.9491994753545, 0.40133402194539375, 1.7129867767842997, 2.908650595579676, 4.007906539191681, 5.026604699678043, 5.977732590519998, 6.872061614141223, 7.71863436141811, 8.52513664252252, 9.298185284117938, 10.04355389164162, 10.766352659695055, 11.471174050119016, 12.162213168518312, 12.843369570267793, 13.518335758399305, 13.74196223952877]}}