{"CURVES": {"MD": [0.0, 30.0, 60.0, 90.0, 120.0, 150.0, 180.0, 210.0, 240.0, 270.0, 300.0, 330.0, 360.0, 390.0, 400.0, 420.0, 450.0, 480.0, 510.0, 540.0, 570.0, 600.0, 630.0, 660.0, 690.0, 719.165296929915, 720.0, 750.0, 780.0, 810.0, 840.0, 870.0, 900.0, 930.0, 960.0, 990.0, 1020.0, 1050.0, 1080.0, 1110.0, 1140.0, 1170.0, 1200.0, 1230.0, 1260.0, 1290.0, 1320.0, 1350.0, 1380.0, 1381.6176742881557, 1410.0, 1440.0, 1470.0, 1500.0, 1530.0, 1560.0, 1590.0, 1620.0, 1650.0, 1680.0, 1710.0, 1740.0, 1770.0, 1800.0, 1830.0, 1860.0, 1890.0, 1920.0, 1950.0, 1980.0, 1981.6176742887278], "EAST": [516291.3404197294, 516291.3404197294, 516291.3404197294, 516291.3404197294, 516291.3404197294, 516291.3404197294, 516291.3404197294, 516291.3404197294, 516291.3404197294, 516291.3404197294, 516291.3404197294, 516291.3404197294, 516291.3404197294, 516291.3404197294, 516291.3404197294, 516291.6828184393, 516293.4792710987, 516296.81045995216, 516301.6672544427, 516308.0363424342, 516315.90026669914, 516325.23747276777, 516336.0223680072, 516348.2253917693, 516361.81309641415, 516376.3148240619, 516376.74773285555, 516392.3068751129, 516407.8660173702, 516423.4251596275, 516438.98430188483, 516454.54344414215, 516470.1025863995, 516485.66172865673, 516501.22087091405, 516516.7800131714, 516532.3391554287, 516547.898297686, 516563.45743994333, 516579.01658220065, 516594.575724458, 516610.1348667153, 516625.6940089726, 516641.25315122993, 516656.81229348725, 516672.3714357446, 516687.9305780019, 516703.4897202592, 516719.04886251653, 516719.8878499957, 516735.06975832337, 516752.092725117, 516770.0726251393, 516788.96017673414, 516808.7036104355, 516829.24881086376, 516850.53946505283, 516872.5172167994, 516895.1218266135, 516918.291336831, 516941.9622414348, 516966.06966012076, 516990.5475161299, 517015.32871736045, 517040.3453402622, 517065.5288160108, 517090.8101184496, 517116.119953286, 517141.3889480219, 517166.54784209916, 517167.9], "NORTH": [6782213.5934137115, 6782213.5934137115, 6782213.5934137115, 6782213.5934137115, 6782213.5934137115, 6782213.5934137115, 6782213.5934137115, 6782213.5934137115, 6782213.5934137115, 6782213.5934137115, 6782213.5934137115, 6782213.5934137115, 6782213.5934137115, 6782213.5934137115, 6782213.5934137115, 6782213.661128918, 6782214.016408183, 6782214.675207801, 6782215.63572205, 6782216.895318226, 6782218.450543863, 6782220.297136197, 6782222.430033845, 6782224.843390685, 6782227.530591871, 6782230.398556752, 6782230.484171877, 6782233.561258598, 6782236.638345319, 6782239.71543204, 6782242.792518762, 6782245.8696054835, 6782248.946692204, 6782252.023778926, 6782255.100865647, 6782258.177952369, 6782261.25503909, 6782264.332125811, 6782267.409212532, 6782270.486299254, 6782273.563385976, 6782276.640472696, 6782279.717559418, 6782282.794646139, 6782285.871732861, 6782288.948819581, 6782292.025906303, 6782295.1029930245, 6782298.180079746, 6782298.346003882, 6782301.659945305, 6782306.032054717, 6782311.285737091, 6782317.406592448, 6782324.377843951, 6782332.1803838825, 6782340.792826024, 6782350.191564268, 6782360.350837329, 6782371.242799345, 6782382.837596205, 6782395.103447376, 6782408.006733013, 6782421.512086107, 6782435.582489424, 6782450.179376967, 6782465.262739682, 6782480.791235118, 6782496.722300751, 6782513.012270637, 6782513.9], "TVD": [-0.0, -30.0, -60.0, -90.0, -120.0, -150.0, -180.0, -210.0, -240.0, -270.0, -300.0, -330.0, -360.0, -390.0, -400.0, -419.9959386818404, -449.93656219768746, -479.74031306759855, -509.32550128207254, -538.6110358966548, -567.5166472965793, -595.9631072102034, -623.8724458681927, -651.1681657132402, -677.7754510745531, -702.9131829367025, -703.6216949281609, -729.0862709019721, -754.5508468757832, -780.0154228495945, -805.4799988234057, -830.9445747972169, -856.4091507710281, -881.8737267448392, -907.3383027186504, -932.8028786924616, -958.2674546662728, -983.7320306400841, -1009.1966066138953, -1034.6611825877064, -1060.1257585615176, -1085.5903345353288, -1111.05491050914, -1136.5194864829512, -1161.9840624567623, -1187.4486384305733, -1212.9132144043847, -1238.3777903781959, -1263.842366352007, -1265.2154793457278, -1288.9624612794412, -1313.2708479570342, -1336.6998133361146, -1359.185140251106, -1380.6651979838703, -1401.0811111892222, -1420.376921268159, -1438.4997397464892, -1455.399893238466, -1471.0310595980823, -1485.350394884856, -1498.3186507960909, -1509.9002822437465, -1520.0635447810541, -1528.780581611839, -1536.0274999440612, -1541.7844364782995, -1546.0356118516736, -1548.7693738879802, -1549.9782295354996, -1550.0], "INCL": [0.0, 0.0, 0.0, 0.0, 0.0, 0.0, 0.0, 0.0, 0.0, 0.0, 0.0, 0.0, 0.0, 0.0, 0.0, 2.0000000000001297, 5.000000000000138, 7.999999999999203, 11.000000000001227, 14.000000000000421, 16.99999999999853, 20.000000000003062, 23.000000000000416, 26.000000000004174, 28.999999999999158, 31.916529692991496, 31.916529692991496, 31.916529692991496, 31.916529692991496, 31.916529692991496, 31.916529692991496, 31.916529692991496, 31.916529692991496, 31.916529692991496, 31.916529692991496, 31.916529692991496, 31.916529692991496, 31.916529692991496, 31.916529692991496, 31.916529692991496, 31.916529692991496, 31.916529692991496, 31.916529692991496, 31.916529692991496, 31.916529692991496, 31.916529692991496, 31.916529692991496, 31.916529692991496, 31.916529692991496, 31.916529692991496, 34.49226307140013, 37.251496629121725, 40.040670809754346, 42.85381861922036, 45.68638442992408, 48.53483484989248, 51.39638828745253, 54.26882392523451, 57.150344625056924, 60.03947701274756, 62.93499756825896, 65.83587715250734, 68.74123876718357, 71.65032491547476, 74.56247199053321, 77.47708983891211, 80.39364514311282, 83.31164761139986, 86.23063820190025, 89.1501787725313, 89.3076149295513], "AZ": [0.0, 0.0, 0.0, 0.0, 0.0, 0.0, 0.0, 0.0, 0.0, 0.0, 0.0, 0.0, 0.0, 0.0, 0.0, 78.81313433568349, 78.81313433568349, 78.81313433568349, 78.81313433568349, 78.81313433568349, 78.81313433568349, 78.81313433568349, 78.81313433568349, 78.81313433568349, 78.81313433568349, 78.81313433568349, 78.81313433568349, 78.81313433568349, 78.81313433568349, 78.81313433568349, 78.81313433568349, 78.81313433568349, 78.81313433568349, 78.81313433568349, 78.81313433568349, 78.81313433568349, 78.81313433568349, 78.81313433568349, 78.81313433568349, 78.81313433568349, 78.81313433568349, 78.81313433568349, 78.81313433568349, 78.81313433568349, 78.81313433568349, 78.81313433568349, 78.81313433568349, 78.81313433568349, 78.81313433568349, 78.81313433568349, 76.6346832587132, 74.62374356031084, 72.853687484936, 71.27839256046202, 69.86207662791391, 68.57662777178582, 67.39968247253468, 66.31323040486099, 65.3025909946211, 64.3556541346528, 63.462310180219866, 62.61401679647614, 61.80346563108835, 61.024322391613644, 60.27102125599812, 59.53859967048518, 58.82256318530892, 58.118772511044114, 57.423346760333814, 56.73257808147995, 56.69539194411638]}}