{"CURVES": {"MD": [0.0, 30.0, 60.0, 90.0, 120.0, 150.0, 180.0, 210.0, 240.0, 270.0, 300.0, 330.0, 360.0, 390.0, 400.0, 420.0, 450.0, 480.0, 510.0, 540.0, 570.0, 600.0, 630.0, 660.0, 690.0, 720.0, 750.0, 780.0, 810.0, 840.0, 870.0, 900.0, 930.0, 960.0, 990.0, 1020.0, 1050.0, 1080.0, 1110.0, 1140.0, 1170.0, 1182.805199444107, 1200.0, 1230.0, 1260.0, 1290.0, 1320.0, 1350.0, 1380.0, 1410.0, 1440.0, 1470.0, 1500.0, 1530.0, 1560.0, 1590.0, 1620.0, 1650.0, 1680.0, 1710.0, 1740.0, 1770.0, 1800.0, 1830.0, 1860.0, 1890.0, 1920.0, 1950.0, 1980.0, 2010.0, 2040.0, 2070.0, 2100.0, 2130.0, 2160.0, 2190.0, 2220.0, 2250.0, 2280.0, 2310.0, 2340.0, 2370.0, 2400.0, 2430.0, 2460.0, 2490.0, 2520.0, 2550.0, 2580.0, 2610.0, 2640.0, 2670.0, 2700.0, 2730.0, 2760.0, 2790.0, 2820.0, 2850.0, 2880.0, 2910.0, 2940.0, 2970.0, 3000.0, 3030.0, 3060.0, 3090.0, 3120.0, 3150.0, 3180.0, 3210.0, 3240.0, 3270.0, 3300.0, 3330.0, 3360.0, 3390.0, 3420.0, 3450.0, 3455.636603991679, 3480.0, 3510.0, 3540.0, 3570.0, 3600.0, 3630.0, 3660.0, 3690.0, 3720.0, 3750.0, 3780.0, 3810.0, 3840.0, 3870.0, 3900.0, 3930.0, 3960.0, 3990.0, 4020.0, 4050.0, 4080.0, 4110.0, 4140.0, 4170.0, 4200.0, 4230.0, 4260.0, 4290.0, 4320.0, 4350.0, 4380.0, 4410.0, 4440.0, 4443.374169997853], "EAST": [-708.659461189252, -708.659461189252, -708.659461189252, -708.659461189252, -708.659461189252, -708.659461189252, -708.659461189252, -708.659461189252, -708.659461189252, -708.659461189252, -708.659461189252, -708.659461189252, -708.659461189252, -708.659461189252, -708.659461189252, -708.3997559296101, -707.0371684233576, -704.5105021685536, -700.8266825817764, -695.9958067564538, -690.0311157874334, -682.9489584780604, -674.7687465292449, -665.5129013333396, -655.2067925186602, -643.8786684130989, -631.5595786174208, -618.2832889004665, -604.0861886495265, -589.0071911295604, -573.087626824642, -556.3711301539761, -538.9035198729871, -520.7326734872966, -501.9083960238079, -482.4822835185888, -462.5075815957236, -442.03903952475844, -421.1327601567589, -399.8460461502949, -378.23724290883695, -368.9302232279719, -356.40269066245054, -334.5457359543111, -312.68878124617174, -290.8318265380324, -268.974871829893, -247.11791712175364, -225.26096241361424, -203.40400770547487, -181.54705299733547, -159.6900982891961, -137.83314358105673, -115.97618887291733, -94.11923416477794, -72.26227945663857, -50.40532474849914, -28.54837004035977, -6.691415332220458, 15.165539375918968, 37.02249408405834, 58.87944879219771, 80.73640350033713, 102.5933582084765, 124.45031291661587, 146.3072676247553, 168.16422233289467, 190.02117704103404, 211.8781317491734, 233.73508645731278, 255.59204116545214, 277.4489958735915, 299.3059505817309, 321.16290528987025, 343.01985999800974, 364.8768147061491, 386.7337694142885, 408.59072412242784, 430.4476788305672, 452.3046335387066, 474.16158824684595, 496.0185429549853, 517.8754976631246, 539.7324523712641, 561.5894070794034, 583.4463617875429, 605.3033164956823, 627.1602712038216, 649.0172259119611, 670.8741806201003, 692.7311353282398, 714.5880900363791, 736.4450447445186, 758.3019994526578, 780.1589541607973, 802.0159088689368, 823.872863577076, 845.7298182852155, 867.5867729933548, 889.4437277014943, 911.3006824096337, 933.157637117773, 955.0145918259125, 976.8715465340515, 998.728501242191, 1020.5854559503305, 1042.4424106584697, 1064.2993653666092, 1086.1563200747485, 1108.013274782888, 1129.8702294910274, 1151.7271841991667, 1173.5841389073062, 1195.4410936154454, 1217.298048323585, 1239.1550030317242, 1261.0119577398636, 1282.8689124480031, 1286.9755457197978, 1304.3721109399576, 1324.7897581960294, 1344.0473056802123, 1362.0919697934282, 1378.874291365612, 1394.3482712198588, 1408.4714962529715, 1421.205255686828, 1432.5146471719322, 1442.3686724523302, 1450.7403223296728, 1457.606650693553, 1462.9488374151979, 1466.7522399321342, 1469.006433382434, 1469.7052391785373, 1468.8467419423305, 1466.4332947550647, 1462.471512707723, 1456.9722547695178, 1449.9505940242084, 1441.4257763558285, 1431.421167697054, 1419.9641899848066, 1407.0862459986315, 1392.8226332878594, 1377.2124474234788, 1360.2984748398937, 1342.1270755602795, 1322.7480561269836, 1302.2145330852532, 1280.582787394478, 1257.9121101659923, 1255.2999999999888], "NORTH": [-786.4067431312001, -786.4067431312001, -786.4067431312001, -786.4067431312001, -786.4067431312001, -786.4067431312001, -786.4067431312001, -786.4067431312001, -786.4067431312001, -786.4067431312001, -786.4067431312001, -786.4067431312001, -786.4067431312001, -786.4067431312001, -786.4067431312001, -786.173557788999, -784.9501115085404, -782.6814568957429, -779.3738121752081, -775.036243371203, -769.6806394583191, -763.3216797746179, -755.9767937865868, -747.6661133161818, -738.4124173609043, -728.2410696581512, -717.179949164974, -705.2593736437952, -692.5120165635296, -678.9728175438763, -664.6788865882497, -649.6694023678406, -633.9855048356003, -617.6701824644904, -600.7681544190661, -583.3257479833544, -565.3907715809886, -547.0123837356427, -528.2409583309347, -509.1279465391133, -489.7257357969706, -481.36910654676916, -470.1208285093732, -450.4958063973121, -430.870784285251, -411.2457621731899, -391.6207400611288, -371.99571794906774, -352.3706958370066, -332.7456737249455, -313.12065161288444, -293.4956295008234, -273.8706073887622, -254.24558527670115, -234.62056316464006, -214.99554105257897, -195.37051894051785, -175.74549682845674, -156.12047471639568, -136.49545260433456, -116.8704304922735, -97.24540838021238, -77.62038626815126, -57.995364156090204, -38.37034204402909, -18.74531993196797, 0.8797021800931475, 20.504724292154208, 40.12974640421527, 59.75476851627633, 79.37979062833739, 99.00481274039856, 118.62983485245962, 138.2548569645208, 157.87987907658186, 177.50490118864292, 197.1299233007041, 216.75494541276515, 236.3799675248262, 256.0049896368874, 275.63001174894833, 295.2550338610095, 314.88005597307057, 334.50507808513163, 354.1301001971928, 373.75512230925386, 393.3801444213149, 413.0051665333761, 432.63018864543716, 452.25521075749833, 471.8802328695594, 491.50525498162045, 511.1302770936816, 530.7552992057426, 550.3803213178037, 570.0053434298648, 589.630365541926, 609.2553876539871, 628.8804097660482, 648.5054318781092, 668.1304539901703, 687.7554761022313, 707.3804982142926, 727.0055203263535, 746.6305424384145, 766.2555645504756, 785.8805866625369, 805.5056087745979, 825.130630886659, 844.75565299872, 864.3806751107811, 884.0056972228422, 903.6307193349035, 923.2557414469645, 942.8807635590256, 962.5057856710866, 982.1308077831477, 1001.755829895209, 1005.4431124943299, 1021.7588911276235, 1042.8575444037501, 1065.0145138420426, 1088.1690687293826, 1112.2577440402777, 1137.2145143900839, 1162.9709750059958, 1189.4565292197753, 1216.5985819683106, 1244.3227387716386, 1272.5530096430446, 1301.2120173723315, 1330.2212096113767, 1359.5010741806573, 1388.9713570066074, 1418.551282092455, 1448.1597729196155, 1477.7156746727924, 1507.137976679686, 1536.3460344556142, 1565.2597907444408, 1593.7999949499485, 1621.8884203562152, 1649.448078541605, 1676.4034303986798, 1702.6805931816432, 1728.2075430138102, 1752.9143123000472, 1776.7331815030873, 1799.5988647580743, 1821.4486888165802, 1842.2227648296234, 1861.8641524988407, 1863.9999999999995],