{"CURVES": {"MD": [0.0, 30.0, 60.0, 90.0, 120.0, 150.0, 180.0, 210.0, 240.0, 270.0, 300.0, 330.0, 360.0, 390.0, 400.0, 420.0, 450.0, 480.0, 510.0, 531.1382096798804, 540.0, 570.0, 600.0, 630.0, 660.0, 690.0, 720.0, 750.0, 780.0, 810.0, 840.0, 870.0, 900.0, 930.0, 960.0, 990.0, 991.3147011370645, 1020.0, 1050.0, 1080.0, 1110.0, 1140.0, 1170.0, 1200.0, 1230.0, 1260.0, 1290.0, 1320.0, 1350.0, 1380.0, 1410.0, 1440.0, 1470.0, 1500.0, 1530.0, 1560.0, 1590.0, 1620.0, 1650.0, 1680.0, 1710.0, 1740.0, 1770.0, 1800.0, 1830.0, 1860.0, 1890.0, 1899.972975215126], "EAST": [516291.3404197294, 516291.3404197294, 516291.3404197294, 516291.3404197294, 516291.3404197294, 516291.3404197294, 516291.3404197294, 516291.3404197294, 516291.3404197294, 516291.3404197294, 516291.3404197294, 516291.3404197294, 516291.3404197294, 516291.3404197294, 516291.3404197294, 516290.9925525262, 516289.1674084932, 516285.78301679937, 516280.84865382704, 516276.4482025508, 516274.4442849604, 516267.6603817602, 516260.87647856, 516254.09257535974, 516247.30867215956, 516240.5247689593, 516233.74086575914, 516226.9569625589, 516220.17305935867, 516213.3891561585, 516206.60525295825, 516199.8213497581, 516193.03744655784, 516186.2535433576, 516179.4696401574, 516172.6857369572, 516172.3884434488, 516166.07261241204, 516159.8440952059, 516154.0176101238, 516148.6091271563, 516143.6334705794, 516139.1042783219, 516135.0339645849, 516131.43368581537, 516128.3133101273, 516125.68139025354, 516123.54514010344, 516121.9104149902, 516120.78169558174, 516120.16207561956, 516120.0532534388, 516120.4555273136, 516121.36779463914, 516122.7875549541, 516124.7109167942, 516127.13260835834, 516130.0459919582, 516133.44308221183, 516137.31456793105, 516141.64983764256, 516146.43700867344, 516151.66295972065, 516157.3133668156, 516163.3727425852, 516169.8244787017, 516176.6508914048, 516179.0], "NORTH": [6782213.5934137115, 6782213.5934137115, 6782213.5934137115, 6782213.5934137115, 6782213.5934137115, 6782213.5934137115, 6782213.5934137115, 6782213.5934137115, 6782213.5934137115, 6782213.5934137115, 6782213.5934137115, 6782213.5934137115, 6782213.5934137115, 6782213.5934137115, 6782213.5934137115, 6782213.621885357, 6782213.771266656, 6782214.048266617, 6782214.452126001, 6782214.812286686, 6782214.97629994, 6782215.531537361, 6782216.086774783, 6782216.642012204, 6782217.197249626, 6782217.752487048, 6782218.307724469, 6782218.86296189, 6782219.418199312, 6782219.973436734, 6782220.5286741555, 6782221.083911576, 6782221.639148998, 6782222.19438642, 6782222.749623842, 6782223.304861262, 6782223.329193639, 6782224.557369827, 6782227.330802416, 6782231.619022695, 6782237.41027695, 6782244.688691755, 6782253.434317483, 6782263.6231829785, 6782275.227361272, 6782288.215046117, 6782302.550639171, 6782318.194847572, 6782335.10479163, 6782353.234122365, 6782372.53314854, 6782392.948972868, 6782414.425636992, 6782436.90427487, 6782460.323274116, 6782484.618444882, 6782509.723195794, 6782535.568716474, 6782562.084166147, 6782589.196867808, 6782616.832507426, 6782644.915337635, 6782673.3683853485, 6782702.11366274, 6782731.072381004, 6782760.165166304, 6782789.31227734, 6782799.0], "TVD": [-0.0, -30.0, -60.0, -90.0, -120.0, -150.0, -180.0, -210.0, -240.0, -270.0, -300.0, -330.0, -360.0, -390.0, -400.0, -419.9959386818404, -449.93656219768746, -479.74031306759855, -509.32550128207254, -529.9962424997033, -538.6269285455087, -567.8445665194422, -597.0622044933757, -626.2798424673092, -655.4974804412426, -684.7151184151761, -713.9327563891096, -743.1503943630431, -772.3680323369766, -801.58567031091, -830.8033082848435, -860.020946258777, -889.2385842327105, -918.456222206644, -947.6738601805775, -976.891498154511, -978.1719135500666, -1006.1232350295498, -1035.334671952752, -1064.4457976688852, -1093.3768206058514, -1122.048442840751, -1150.382077449978, -1178.3000639105155, -1205.7258809620305, -1232.58435634633, -1258.8018728492955, -1284.3065700805494, -1309.0285414377906, -1332.9000257159323, -1355.8555928358544, -1377.8323231837032, -1398.769980069179, -1418.6111748301173, -1437.3015241308233, -1454.7897990230135, -1471.0280653608038, -1485.9718151848704, -1499.5800887156727, -1511.8155866213624, -1522.6447722526589, -1532.0379635644742, -1539.9694144723358, -1546.4173854206128, -1551.3642029691298, -1554.7963082348351, -1556.704294055758, -1557.0], "INCL": [0.0, 0.0, 0.0, 0.0, 0.0, 0.0, 0.0, 0.0, 0.0, 0.0, 0.0, 0.0, 0.0, 0.0, 0.0, 1.999999999999765, 5.000000000000064, 8.000000000000027, 10.999999999999728, 13.113820967988037, 13.113820967988037, 13.113820967988037, 13.113820967988037, 13.113820967988037, 13.113820967988037, 13.113820967988037, 13.113820967988037, 13.113820967988037, 13.113820967988037, 13.113820967988037, 13.113820967988037, 13.113820967988037, 13.113820967988037, 13.113820967988037, 13.113820967988037, 13.113820967988037, 13.113820967988037, 12.967581623729, 13.471233330984656, 14.576767282446562, 16.16109688236958, 18.098867391031174, 20.288998134979096, 22.658356694523977, 25.15627261810184, 27.747962962842045, 30.40936926189523, 33.123594122715936, 35.87854997514442, 38.66542383306159, 41.47766958484512, 44.31033816082863, 47.15962518290666, 50.022560248252994, 52.8967898192666, 55.780422967005975, 58.671919993810356, 61.570010762940974, 64.47363390897182, 67.38189092165364, 70.29401095126586, 73.20932341996402, 76.12723635993969, 79.04721897271793, 81.96878729564689, 84.89149213721747, 87.81490863167859, 88.78683407745123], "AZ": [0.0, 0.0, 0.0, 0.0, 0.0, 0.0, 0.0, 0.0, 0.0, 0.0, 0.0, 0.0, 0.0, 0.0, 0.0, 274.67901857325313, 274.67901857325313, 274.67901857325313, 274.67901857325313, 274.67901857325313, 274.67901857325313, 274.67901857325313, 274.67901857325313, 274.67901857325313, 274.67901857325313, 274.67901857325313, 274.67901857325313, 274.67901857325313, 274.67901857325313, 274.67901857325313, 274.67901857325313, 274.67901857325313, 274.67901857325313, 274.67901857325313, 274.67901857325313, 274.67901857325313, 274.67901857325313, 287.4001565700535, 300.3611793267036, 311.8969322685732, 321.53208583861476, 329.32520071433873, 335.5738056171017, 340.60923892087897, 344.71499683348213, 348.11128868827404, 350.96302209765605, 353.39247765108945, 355.49058451026434, 357.32556508960016, 358.9492096671578, 0.4013432761814175, 1.7129951789011306, 2.9086582181764644, 4.007913443973613, 5.026610939230065, 5.977738209706371, 6.872066651284648, 7.718638849278771, 8.52514060905268, 9.298188753116513, 10.043556883309842, 10.766355190998942, 11.471176135185319, 12.162214818913993, 12.84337079519366, 13.518336564889415, 13.741962239538516]}}