{"CURVES": {"MD": [0.0, 30.0, 60.0, 90.0, 120.0, 150.0, 180.0, 210.0, 240.0, 270.0, 300.0, 330.0, 360.0, 390.0, 400.0, 420.0, 450.0, 480.0, 510.0, 540.0, 570.0, 600.0, 630.0, 660.0, 690.0, 720.0, 750.0, 780.0, 810.0, 840.0, 870.0, 900.0, 930.0, 960.0, 990.0, 1020.0, 1050.0, 1080.0, 1110.0, 1140.0, 1170.0, 1182.8051991107768, 1200.0, 1230.0, 1260.0, 1290.0, 1320.0, 1350.0, 1380.0, 1410.0, 1440.0, 1470.0, 1500.0, 1530.0, 1560.0, 1590.0, 1620.0, 1650.0, 1680.0, 1710.0, 1740.0, 1770.0, 1800.0, 1830.0, 1860.0, 1890.0, 1920.0, 1950.0, 1980.0, 2010.0, 2040.0, 2070.0, 2100.0, 2130.0, 2160.0, 2190.0, 2220.0, 2250.0, 2280.0, 2310.0, 2340.0, 2370.0, 2400.0, 2430.0, 2460.0, 2490.0, 2520.0, 2550.0, 2580.0, 2610.0, 2640.0, 2670.0, 2700.0, 2730.0, 2760.0, 2790.0, 2820.0, 2850.0, 2880.0, 2910.0, 2940.0, 2970.0, 3000.0, 3030.0, 3060.0, 3090.0, 3120.0, 3150.0, 3180.0, 3210.0, 3240.0, 3270.0, 3300.0, 3330.0, 3360.0, 3390.0, 3420.0, 3450.0, 3455.6365471420436, 3480.0, 3510.0, 3540.0, 3570.0, 3600.0, 3630.0, 3660.0, 3690.0, 3720.0, 3750.0, 3780.0, 3810.0, 3840.0, 3870.0, 3900.0, 3930.0, 3960.0, 3990.0, 4020.0, 4050.0, 4080.0, 4110.0, 4140.0, 4170.0, 4200.0, 4230.0, 4260.0, 4290.0, 4320.0, 4350.0, 4380.0, 4410.0, 4440.0, 4443.374154154195], "EAST": [516291.3404197294, 516291.3404197294, 516291.3404197294, 516291.3404197294, 516291.3404197294, 516291.3404197294, 516291.3404197294, 516291.3404197294, 516291.3404197294, 516291.3404197294, 516291.3404197294, 516291.3404197294, 516291.3404197294, 516291.3404197294, 516291.3404197294, 516291.6001250061, 516292.9627126018, 516295.4893790226, 516299.17319885135, 516304.00407499395, 516309.9687663548, 516317.0509241293, 516325.2311366154, 516334.4869824193, 516344.7930919109, 516356.1212167605, 516368.4403073653, 516381.7165979543, 516395.9136991377, 516410.99269764806, 516426.91226299864, 516443.6287607673, 516461.0963721956, 516479.2672197748, 516498.09149847465, 516517.5176122558, 516537.4923154907, 516557.96085890604, 516578.8671396472, 516600.15385505185, 516621.7626597126, 516631.06967976195, 516643.5972133916, 516665.45416953275, 516687.3111256739, 516709.16808181495, 516731.0250379561, 516752.8819940972, 516774.73895023833, 516796.5959063794, 516818.4528625205, 516840.30981866166, 516862.1667748027, 516884.02373094385, 516905.880687085, 516927.73764322605, 516949.5945993672, 516971.4515555083, 516993.30851164943, 517015.1654677905, 517037.02242393163, 517058.87938007276, 517080.7363362138, 517102.59329235496, 517124.4502484961, 517146.30720463715, 517168.1641607783, 517190.0211169194, 517211.87807306054, 517233.7350292016, 517255.59198534273, 517277.44894148386, 517299.30589762493, 517321.16285376606, 517343.0198099072, 517364.87676604826, 517386.7337221894, 517408.5906783305, 517430.44763447164, 517452.3045906127, 517474.16154675384, 517496.01850289496, 517517.87545903603, 517539.73241517716, 517561.5893713183, 517583.44632745936, 517605.3032836005, 517627.1602397416, 517649.01719588274, 517670.8741520238, 517692.73110816494, 517714.58806430607, 517736.44502044714, 517758.30197658826, 517780.1589327294, 517802.01588887046, 517823.8728450116, 517845.7298011527, 517867.58675729384, 517889.4437134349, 517911.30066957604, 517933.15762571717, 517955.01458185824, 517976.87153799937, 517998.7284941405, 518020.58545028156, 518042.4424064227, 518064.2993625638, 518086.15631870495, 518108.013274846, 518129.87023098714, 518151.7271871283, 518173.58414326934, 518195.44109941047, 518217.2980555516, 518239.15501169267, 518261.0119678338, 518282.8689239749, 518286.97551609727, 518304.372122264, 518324.7897689104, 518344.04731575615, 518362.091979204, 518378.87430008553, 518394.3482792259, 518408.4715035237, 518421.205262203, 518432.51465291623, 518442.36867740966, 518450.74032648705, 518457.60665404017, 518462.94883994246, 518466.7522416338, 518469.00643425435, 518469.70523921895, 518468.8467411517, 518466.43329313624, 518462.4715102657, 518456.9722515116, 518449.9505899599, 518441.4257714969, 518431.42116205744, 518419.96418358054, 518407.08623884787, 518392.82262541086, 518377.2124388424, 518360.2984655788, 518342.12706564524, 518322.74804558576, 518302.2145219473, 518280.58277569094, 518257.91209792957, 518255.3], "NORTH": [6782213.5934137115, 6782213.5934137115, 6782213.5934137115, 6782213.5934137115, 6782213.5934137115, 6782213.5934137115, 6782213.5934137115, 6782213.5934137115, 6782213.5934137115, 6782213.5934137115, 6782213.5934137115, 6782213.5934137115, 6782213.5934137115, 6782213.5934137115, 6782213.5934137115, 6782213.826599035, 6782215.0500452155, 6782217.318699644, 6782220.626344095, 6782224.963912546, 6782230.319516022, 6782236.678475187, 6782244.023360577, 6782252.334040371, 6782261.587735572, 6782271.759082446, 6782282.820202038, 6782294.740776588, 6782307.48813263, 6782321.027330547, 6782335.321260338, 6782350.330743335, 6782366.014639589, 6782382.329960631, 6782399.231987299, 6782416.674392315, 6782434.609367255, 6782452.987753604, 6782471.759177479, 6782490.872187713, 6782510.274396875, 6782518.631025226, 6782529.879302563, 6782549.504323075, 6782569.129343585, 6782588.754364096, 6782608.379384607, 6782628.004405118, 6782647.629425628, 6782667.25444614, 6782686.87946665, 6782706.504487161, 6782726.129507672, 6782745.754528183, 6782765.379548693, 6782785.0045692045, 6782804.629589715, 6782824.254610226, 6782843.879630737, 6782863.5046512475, 6782883.129671758, 6782902.754692269, 6782922.37971278, 6782942.0047332905, 6782961.629753801, 6782981.2547743125, 6783000.879794823, 6783020.5048153335, 6783040.129835845, 6783059.7548563555, 6783079.379876866, 6783099.004897377, 6783118.629917888, 6783138.2549383985, 6783157.87995891, 6783177.50497942, 6783197.129999931, 6783216.755020442, 6783236.380040953, 6783256.005061463, 6783275.630081975, 6783295.255102485, 6783314.880122996, 6783334.505143506, 6783354.130164018, 6783373.755184528, 6783393.380205039, 6783413.00522555, 6783432.630246061, 6783452.255266571, 6783471.880287083, 6783491.505307593, 6783511.130328104, 6783530.755348615, 6783550.380369126, 6783570.005389636, 6783589.630410148, 6783609.255430658, 6783628.880451169, 6783648.50547168, 6783668.130492191, 6783687.755512701, 6783707.380533213, 6783727.005553723, 6783746.630574234, 6783766.255594744, 6783785.880615256, 6783805.505635766, 6783825.130656277, 6783844.755676788, 6783864.380697299, 6783884.005717809, 6783903.630738321, 6783923.255758831, 6783942.880779342, 6783962.505799853, 6783982.130820364, 6784001.755840874, 6784005.443085983, 6784021.758902283, 6784042.8575561205, 6784065.014526087, 6784088.169081471, 6784112.257757244, 6784137.21452802, 6784162.970989025, 6784189.456543591, 6784216.598596653, 6784244.32275373, 6784272.553024836, 6784301.212032758, 6784330.221225148, 6784359.501089827, 6784388.971372721, 6784418.551297831, 6784448.159788641, 6784477.715690335, 6784507.13799224, 6784536.346049872, 6784565.2598059755, 6784593.800009955, 6784621.888435095, 6784649.448092974, 6784676.403444486, 6784702.680606886, 6784728.207556298, 6784752.914325129, 6784776.733193843, 6784799.598876575, 6784821.448700079, 6784842.222775507, 6784861.864162563, 6784864.0],