{
    "CURVES": {
        "MD": [
            0.0,
            30.0,
            60.0,
            90.0,
            120.0,
            150.0,
            180.0,
            210.0,
            240.0,
            270.0,
            300.0,
            330.0,
            360.0,
            390.0,
            400.0,
            420.0,
            450.0,
            480.0,
            510.0,
            540.0,
            570.0,
            600.0,
            630.0,
            660.0,
            690.0,
            719.165254629974,
            720.0,
            750.0,
            780.0,
            810.0,
            840.0,
            870.0,
            900.0,
            930.0,
            960.0,
            990.0,
            1020.0,
            1050.0,
            1080.0,
            1110.0,
            1140.0,
            1170.0,
            1200.0,
            1230.0,
            1260.0,
            1290.0,
            1320.0,
            1350.0,
            1380.0,
            1381.6176286159225,
            1410.0,
            1440.0,
            1470.0,
            1500.0,
            1530.0,
            1560.0,
            1590.0,
            1620.0,
            1650.0,
            1680.0,
            1710.0,
            1740.0,
            1770.0,
            1800.0,
            1830.0,
            1860.0,
            1890.0,
            1920.0,
            1950.0,
            1980.0,
            1981.6176286159248
        ],
        "EAST": [
            -708.659461189252,
            -708.659461189252,
            -708.659461189252,
            -708.659461189252,
            -708.659461189252,
            -708.659461189252,
            -708.659461189252,
            -708.659461189252,
            -708.659461189252,
            -708.659461189252,
            -708.659461189252,
            -708.659461189252,
            -708.659461189252,
            -708.659461189252,
            -708.659461189252,
            -708.3170624988933,
            -706.5206099423169,
            -703.1894212794024,
            -698.3326270667266,
            -691.9635394396346,
            -684.0996156246027,
            -674.7624100901932,
            -663.9775154677545,
            -651.7744924037981,
            -638.1867885363206,
            -623.685083656608,
            -623.2521530006637,
            -607.6930134777656,
            -592.1338739548673,
            -576.5747344319692,
            -561.0155949090711,
            -545.4564553861728,
            -529.8973158632747,
            -514.3381763403765,
            -498.7790368174783,
            -483.21989729458016,
            -467.6607577716819,
            -452.1016182487838,
            -436.5424787258856,
            -420.9833392029874,
            -405.42419968008926,
            -389.86506015719107,
            -374.3059206342929,
            -358.7467811113947,
            -343.1876415884965,
            -327.6285020655983,
            -312.06936254270016,
            -296.51022301980197,
            -280.9510834969038,
            -280.11211985252476,
            -264.9301889103127,
            -247.90722323052546,
            -229.92732429831875,
            -211.0397737668984,
            -191.2963410994135,
            -170.75114167245636,
            -149.46048844957704,
            -127.48273763136429,
            -104.87812870515602,
            -81.708619332792,
            -58.037715528968945,
            -33.93029759566876,
            -9.452442289760654,
            15.328758288796877,
            40.345380591738056,
            65.5288557962146,
            90.81015774717297,
            116.11999215324741,
            141.38898651759575,
            166.54788028309164,
            167.90000000002317
        ],
        "NORTH": [
            -786.4067431312001,
            -786.4067431312001,
            -786.4067431312001,
            -786.4067431312001,
            -786.4067431312001,
            -786.4067431312001,
            -786.4067431312001,
            -786.4067431312001,
            -786.4067431312001,
            -786.4067431312001,
            -786.4067431312001,
            -786.4067431312001,
            -786.4067431312001,
            -786.4067431312001,
            -786.4067431312001,
            -786.3390278261078,
            -785.9837480415239,
            -785.3249474591005,
            -784.3644318054412,
            -783.1048337871882,
            -781.549605874956,
            -779.7030108403493,
            -777.5701100720028,
            -775.1567497026664,
            -772.4695445853617,
            -769.6015798473549,
            -769.5159602691364,
            -766.4388694115071,
            -763.3617785538779,
            -760.2846876962486,
            -757.2075968386195,
            -754.1305059809902,
            -751.053415123361,
            -747.9763242657317,
            -744.8992334081025,
            -741.8221425504732,
            -738.7450516928441,
            -735.6679608352148,
            -732.5908699775856,
            -729.5137791199563,
            -726.4366882623272,
            -723.359597404698,
            -720.2825065470687,
            -717.2054156894395,
            -714.1283248318102,
            -711.0512339741811,
            -707.9741431165518,
            -704.8970522589225,
            -701.8199614012933,
            -701.6540417271235,
            -698.3400904696182,
            -693.9679757627796,
            -688.714288260302,
            -682.5934279544504,
            -675.6221716978673,
            -667.8196272193859,
            -659.2071807510735,
            -649.8084384100559,
            -639.6491614957913,
            -628.757195880139,
            -617.1623956837602,
            -604.8965414480487,
            -591.9932530268753,
            -578.4878974369059,
            -564.417491919067,
            -549.8206024768608,
            -534.7372381696313,
            -519.2087414505128,
            -503.27767484963965,
            -486.9877043132102,
            -486.0999999996275
        ],