{"CURVES": {"MD": [0.0, 30.0, 60.0, 90.0, 120.0, 150.0, 180.0, 210.0, 240.0, 270.0, 300.0, 300.0, 330.0, 360.0, 390.0, 392.8806200083575, 420.0, 450.0, 480.0, 510.0, 540.0, 570.0, 600.0, 630.0, 660.0, 690.0, 720.0, 750.0, 780.0, 810.0, 840.0, 870.0, 900.0, 930.0, 960.0, 990.0, 1020.0, 1050.0, 1080.0, 1110.0, 1140.0, 1170.0, 1200.0, 1230.0, 1260.0, 1290.0, 1320.0, 1350.0, 1380.0, 1410.0, 1440.0, 1470.0, 1500.0, 1530.0, 1560.0, 1590.0, 1620.0, 1650.0, 1680.0, 1710.0, 1740.0, 1770.0, 1800.0, 1830.0, 1860.0, 1890.0, 1920.0, 1950.0, 1980.0, 2010.0, 2040.0, 2070.0, 2100.0, 2130.0, 2160.0, 2190.0, 2220.0, 2250.0, 2280.0, 2310.0, 2340.0, 2370.0, 2400.0, 2430.0, 2460.0, 2490.0, 2520.0, 2550.0, 2580.0, 2610.0, 2640.0, 2670.0, 2700.0, 2730.0, 2760.0, 2790.0, 2820.0, 2850.0, 2880.0, 2910.0, 2940.0, 2970.0, 3000.0, 3030.0, 3060.0, 3090.0, 3120.0, 3150.0, 3180.0, 3210.0, 3240.0, 3270.0, 3300.0, 3330.0, 3360.0, 3390.0, 3420.0, 3450.0, 3480.0, 3510.0, 3540.0, 3570.0, 3600.0, 3630.0, 3660.0, 3690.0, 3720.0, 3750.0, 3780.0, 3810.0, 3840.0, 3870.0, 3900.0, 3927.0888250119624, 3930.0, 3960.0, 3990.0, 4020.0, 4050.0, 4080.0, 4110.0, 4140.0, 4170.0, 4200.0, 4202.014659941173], "EAST": [1901.8650987835488, 1901.8650987835488, 1901.8650987835488, 1901.8650987835488, 1901.8650987835488, 1901.8650987835488, 1901.8650987835488, 1901.8650987835488, 1901.8650987835488, 1901.8650987835488, 1901.8650987835488, 1901.8650987835488, 1901.6813131686558, 1901.1301802384385, 1900.2123714634768, 1900.1049856579925, 1899.078146915489, 1897.9422373819896, 1896.8063278484901, 1895.6704183149907, 1894.5345087814912, 1893.3985992479916, 1892.2626897144921, 1891.1267801809927, 1889.9908706474932, 1888.8549611139938, 1887.7190515804941, 1886.5831420469947, 1885.4472325134952, 1884.3113229799958, 1883.1754134464961, 1882.0395039129967, 1880.9035943794972, 1879.7676848459978, 1878.6317753124983, 1877.4958657789987, 1876.3599562454992, 1875.2240467119998, 1874.0881371785003, 1872.9522276450007, 1871.8163181115012, 1870.6804085780018, 1869.5444990445023, 1868.408589511003, 1867.2726799775032, 1866.1367704440038, 1865.0008609105043, 1863.864951377005, 1862.7290418435055, 1861.5931323100058, 1860.4572227765063, 1859.321313243007, 1858.1854037095075, 1857.0494941760078, 1855.9135846425083, 1854.777675109009, 1853.6417655755095, 1852.50585604201, 1851.3699465085103, 1850.234036975011, 1849.0981274415115, 1847.962217908012, 1846.8263083745126, 1845.690398841013, 1844.5544893075134, 1843.418579774014, 1842.2826702405146, 1841.146760707015, 1840.0108511735154, 1838.874941640016, 1837.7390321065166, 1836.6031225730171, 1835.4672130395174, 1834.331303506018, 1833.1953939725186, 1832.0594844390191, 1830.9235749055197, 1829.78766537202, 1828.6517558385206, 1827.5158463050211, 1826.3799367715217, 1825.244027238022, 1824.1081177045226, 1822.972208171023, 1821.8362986375237, 1820.7003891040242, 1819.5644795705246, 1818.428570037025, 1817.2926605035257, 1816.1567509700262, 1815.0208414365266, 1813.884931903027, 1812.7490223695277, 1811.6131128360282, 1810.4772033025288, 1809.341293769029, 1808.2053842355297, 1807.0694747020302, 1805.9335651685308, 1804.7976556350313, 1803.6617461015317, 1802.5258365680322, 1801.3899270345328, 1800.2540175010333, 1799.118107967534, 1797.9821984340342, 1796.8462889005348, 1795.7103793670353, 1794.5744698335359, 1793.4385603000362, 1792.3026507665368, 1791.1667412330373, 1790.0308316995379, 1788.8949221660384, 1787.7590126325388, 1786.6231030990393, 1785.4871935655399, 1784.3512840320404, 1783.2153744985408, 1782.0794649650413, 1780.9435554315419, 1779.8076458980424, 1778.671736364543, 1777.5358268310433, 1776.3999172975439, 1775.2640077640444, 1774.128098230545, 1772.9921886970455, 1771.8562791635459, 1770.7203696300464, 1769.584460096547, 1768.4485505630475, 1767.312641029548, 1766.2869592101351, 1766.1799339025747, 1765.4503332139952, 1765.401796482565, 1766.0343828428145, 1767.3473215857064, 1769.3390130976252, 1772.0070308092602, 1775.3481241520064, 1779.3582225182815, 1784.0324402209349, 1784.3700000000001], "NORTH": [1119.87760510782, 1119.87760510782, 1119.87760510782, 1119.87760510782, 1119.87760510782, 1119.87760510782, 1119.87760510782, 1119.87760510782, 1119.87760510782, 1119.87760510782, 1119.87760510782, 1119.87760510782, 1119.3873777568997, 1117.917292970651, 1115.4691418209381, 1115.182702324682, 1112.4437260622956, 1109.4138157952866, 1106.3839055282776, 1103.353995261269, 1100.32408499426, 1097.2941747272512, 1094.2642644602422, 1091.2343541932332, 1088.2044439262245, 1085.1745336592155, 1082.1446233922065, 1079.1147131251978, 1076.0848028581888, 1073.05489259118, 1070.024982324171, 1066.9950720571621, 1063.9651617901534, 1060.9352515231444, 1057.9053412561354, 1054.8754309891267, 1051.8455207221177, 1048.815610455109, 1045.7857001881, 1042.755789921091, 1039.7258796540823, 1036.6959693870733, 1033.6660591200643, 1030.6361488530556, 1027.6062385860466, 1024.5763283190377, 1021.5464180520289, 1018.5165077850199, 1015.4865975180111, 1012.4566872510022, 1009.4267769839934, 1006.3968667169845, 1003.3669564499755, 1000.3370461829667, 997.3071359159578, 994.2772256489488, 991.24731538194, 988.2174051149311, 985.1874948479222, 982.1575845809133, 979.1276743139044, 976.0977640468956, 973.0678537798867, 970.0379435128777, 967.0080332458689, 963.97812297886, 960.9482127118512, 957.9183024448423, 954.8883921778333, 951.8584819108245, 948.8285716438156, 945.7986613768066, 942.7687511097978, 939.7388408427889, 936.70893057578, 933.6790203087711, 930.6491100417622, 927.6191997747534, 924.5892895077445, 921.5593792407356, 918.5294689737267, 915.4995587067178, 912.4696484397089, 909.4397381727, 906.4098279056911, 903.3799176386823, 900.3500073716734, 897.3200971046645, 894.2901868376556, 891.2602765706467, 888.2303663036379, 885.200456036629, 882.17054576962, 879.1406355026112, 876.1107252356023, 873.0808149685934, 870.0509047015845, 867.0209944345756, 863.9910841675667, 860.9611739005578, 857.931263633549, 854.9013533665401, 851.8714430995312, 848.8415328325223, 845.8116225655135, 842.7817122985045, 839.7518020314957, 836.7218917644868, 833.6919814974779, 830.662071230469, 827.6321609634601, 824.6022506964512, 821.5723404294423, 818.5424301624334, 815.5125198954245, 812.4826096284157, 809.4526993614068, 806.4227890943979, 803.392878827389, 800.3629685603801, 797.3330582933712, 794.3031480263624, 791.2732377593534, 788.2433274923446, 785.2134172253357, 782.1835069583267, 779.153596691318, 776.123686424309, 773.0937761573001, 770.0638658902913, 767.0339556232823, 764.0040453562735, 760.9741350892646, 758.2382447884329, 757.9479410959339, 755.3899600421154, 753.6245559403444, 752.6538796635792, 752.4791138313419, 753.1004713688784, 754.5171952477419, 756.7275594081159, 759.7288708617509, 763.517472972958, 763.8000000000002],