{"CURVES": {"MD": [0.0, 30.0, 60.0, 90.0, 120.0, 150.0, 180.0, 210.0, 240.0, 270.0, 300.0, 300.0, 330.0, 360.0, 390.0, 420.0, 450.0, 480.0, 510.0, 540.0, 570.0, 600.0, 630.0, 660.0, 690.0, 720.0, 750.0, 780.0, 810.0, 840.0, 846.0252954309595, 870.0, 900.0, 930.0, 960.0, 990.0, 1020.0, 1050.0, 1080.0, 1110.0, 1140.0, 1170.0, 1200.0, 1230.0, 1260.0, 1290.0, 1320.0, 1350.0, 1380.0, 1410.0, 1440.0, 1470.0, 1500.0, 1530.0, 1560.0, 1590.0, 1620.0, 1650.0, 1680.0, 1710.0, 1740.0, 1770.0, 1800.0, 1830.0, 1860.0, 1890.0, 1920.0, 1950.0, 1980.0, 2010.0, 2040.0, 2070.0, 2100.0, 2130.0, 2160.0, 2190.0, 2220.0, 2250.0, 2280.0, 2310.0, 2340.0, 2370.0, 2400.0, 2430.0, 2460.0, 2490.0, 2520.0, 2550.0, 2580.0, 2610.0, 2640.0, 2670.0, 2700.0, 2730.0, 2760.0, 2790.0, 2820.0, 2850.0, 2880.0, 2910.0, 2940.0, 2970.0, 3000.0, 3030.0, 3060.0, 3090.0, 3120.0, 3150.0, 3180.0, 3210.0, 3240.0, 3270.0, 3300.0, 3330.0, 3360.0, 3390.0, 3420.0, 3450.0, 3480.0, 3510.0, 3540.0, 3570.0, 3600.0, 3630.0, 3651.242500890763, 3660.0, 3690.0, 3720.0, 3750.0, 3780.0, 3810.0, 3840.0, 3870.0, 3900.0, 3930.0, 3960.0, 3990.0, 4020.0, 4050.0, 4080.0, 4110.0, 4140.0, 4170.0, 4200.0, 4230.0, 4260.0, 4290.0, 4320.0, 4350.0, 4380.0, 4410.0, 4440.0, 4470.0, 4500.0, 4530.0, 4560.0, 4590.0, 4620.0, 4650.0, 4680.0, 4710.0, 4740.0, 4770.0, 4800.0, 4830.0, 4860.0, 4890.0, 4920.0, 4950.0, 4980.0, 5010.0, 5040.0, 5070.0, 5100.0, 5130.0, 5160.0, 5190.0, 5206.073134996378], "EAST": [1901.8650987835488, 1901.8650987835488, 1901.8650987835488, 1901.8650987835488, 1901.8650987835488, 1901.8650987835488, 1901.8650987835488, 1901.8650987835488, 1901.8650987835488, 1901.8650987835488, 1901.865098783549, 1901.865098783549, 1902.2787842645225, 1903.5193366954081, 1905.585244654161, 1908.4739911501622, 1912.1820566907836, 1916.704923569348, 1922.0370813692575, 1928.1720336775895, 1935.102305999973, 1942.8194548671095, 1951.31407812184, 1960.575826374226, 1970.5934156106837, 1981.3546409418204, 1992.8463914722097, 2005.054666273999, 2017.9645914448824, 2031.560438229661, 2034.3723361726284, 2045.6144433297882, 2059.6819040462933, 2073.7493647627985, 2087.8168254793036, 2101.8842861958083, 2115.9517469123134, 2130.0192076288185, 2144.0866683453237, 2158.154129061829, 2172.221589778334, 2186.289050494839, 2200.3565112113442, 2214.4239719278494, 2228.491432644354, 2242.558893360859, 2256.6263540773643, 2270.6938147938695, 2284.7612755103746, 2298.8287362268798, 2312.896196943385, 2326.96365765989, 2341.031118376395, 2355.0985790929, 2369.166039809405, 2383.23350052591, 2397.3009612424153, 2411.3684219589204, 2425.4358826754255, 2439.5033433919307, 2453.570804108436, 2467.638264824941, 2481.705725541446, 2495.7731862579512, 2509.840646974456, 2523.908107690961, 2537.975568407466, 2552.0430291239713, 2566.1104898404765, 2580.1779505569816, 2594.2454112734868, 2608.312871989992, 2622.380332706497, 2636.447793423002, 2650.5152541395073, 2664.582714856012, 2678.650175572517, 2692.7176362890223, 2706.7850970055274, 2720.8525577220325, 2734.9200184385377, 2748.987479155043, 2763.054939871548, 2777.122400588053, 2791.189861304558, 2805.2573220210634, 2819.324782737568, 2833.392243454073, 2847.4597041705783, 2861.5271648870835, 2875.5946256035886, 2889.6620863200937, 2903.729547036599, 2917.797007753104, 2931.864468469609, 2945.931929186114, 2959.999389902619, 2974.066850619124, 2988.1343113356293, 3002.2017720521344, 3016.2692327686395, 3030.3366934851447, 3044.4041542016494, 3058.471614918155, 3072.5390756346596, 3086.6065363511652, 3100.67399706767, 3114.741457784175, 3128.80891850068, 3142.8763792171853, 3156.9438399336905, 3171.011300650195, 3185.0787613667007, 3199.1462220832054, 3213.213682799711, 3227.2811435162157, 3241.3486042327213, 3255.416064949226, 3269.483525665731, 3283.5509863822363, 3297.6184470987414, 3311.6859078152465, 3325.753368531751, 3339.820829248257, 3349.7817641416277, 3353.8575619603466, 3367.349233362497, 3380.1000512716655, 3392.0944807803407, 3403.317908523769, 3413.756660484079, 3423.3980186499757, 3432.23023651167, 3440.242553372196, 3447.4252074576634, 3453.7694478104713, 3459.267544951005, 3463.912800294816, 3467.6995543138146, 3470.623193431533, 3472.6801556440582, 3473.8679348597857, 3474.185083952704, 3473.631216525497, 3472.2070073803075, 3469.9141916965964, 3466.755562917093, 3462.7349693444157, 3457.857309452508, 3452.1285259186025, 3445.5555983829836, 3438.1465349453715, 3429.910362408286, 3420.857115279279, 3410.9978235454305, 3400.3444992350114, 3388.9101217826756, 3376.7086222160165, 3363.7548661827605, 3350.0646358392605, 3335.6546106223714, 3320.542346928126, 3304.74625672197, 3288.285585106619, 3271.180386874863, 3253.4515020758945, 3235.1205306249153, 3216.209805986969, 3196.7423679670537, 3176.7419346396664, 3156.2328734519865, 3135.2401715358924, 3113.7894052649913, 3091.906709093747, 3069.618743716673, 3046.952663586384, 3023.936083830076, 3011.4700000000003],