{"CURVES": {"MD": [0.0, 30.0, 60.0, 90.0, 120.0, 150.0, 180.0, 210.0, 240.0, 270.0, 300.0, 300.0, 330.0, 360.0, 390.0, 420.0, 450.0, 480.0, 510.0, 540.0, 570.0, 600.0, 630.0, 660.0, 690.0, 720.0, 750.0, 754.7771598145466, 780.0, 810.0, 840.0, 870.0, 900.0, 930.0, 960.0, 990.0, 1020.0, 1050.0, 1080.0, 1110.0, 1140.0, 1170.0, 1200.0, 1230.0, 1260.0, 1290.0, 1320.0, 1350.0, 1380.0, 1410.0, 1440.0, 1470.0, 1500.0, 1530.0, 1560.0, 1590.0, 1620.0, 1650.0, 1680.0, 1710.0, 1740.0, 1770.0, 1800.0, 1830.0, 1860.0, 1890.0, 1920.0, 1950.0, 1980.0, 2010.0, 2040.0, 2070.0, 2100.0, 2130.0, 2160.0, 2190.0, 2220.0, 2250.0, 2280.0, 2310.0, 2340.0, 2370.0, 2400.0, 2430.0, 2460.0, 2490.0, 2520.0, 2550.0, 2580.0, 2610.0, 2640.0, 2670.0, 2700.0, 2730.0, 2760.0, 2790.0, 2820.0, 2850.0, 2880.0, 2910.0, 2940.0, 2970.0, 3000.0, 3030.0, 3060.0, 3090.0, 3120.0, 3150.0, 3180.0, 3210.0, 3240.0, 3270.0, 3300.0, 3330.0, 3360.0, 3390.0, 3420.0, 3450.0, 3480.0, 3510.0, 3540.0, 3570.0, 3600.0, 3630.0, 3660.0, 3690.0, 3720.0, 3750.0, 3758.5510763172238, 3780.0, 3810.0, 3840.0, 3870.0, 3900.0, 3930.0, 3960.0, 3990.0, 4020.0, 4050.0, 4080.0, 4110.0, 4140.0, 4170.0, 4200.0, 4230.0, 4260.0, 4290.0, 4303.109349992062], "EAST": [1901.8650987835488, 1901.8650987835488, 1901.8650987835488, 1901.8650987835488, 1901.8650987835488, 1901.8650987835488, 1901.8650987835488, 1901.8650987835488, 1901.8650987835488, 1901.8650987835488, 1901.8650987835485, 1901.8650987835485, 1901.4180454252441, 1900.077430015984, 1897.8448858891388, 1894.7231330558297, 1890.7159748910153, 1885.828293499664, 1880.066043768661, 1873.436246111698, 1865.9469779159767, 1857.6073637011614, 1848.427564002553, 1838.4187629920452, 1827.593154851931, 1815.9639289181723, 1803.5452536112248, 1801.495847792004, 1790.623499325868, 1777.6919479388757, 1764.7603965518833, 1751.828845164891, 1738.8972937778988, 1725.9657423909064, 1713.0341910039142, 1700.1026396169218, 1687.1710882299296, 1674.2395368429372, 1661.307985455945, 1648.3764340689527, 1635.4448826819603, 1622.513331294968, 1609.5817799079757, 1596.6502285209835, 1583.7186771339912, 1570.787125746999, 1557.8555743600066, 1544.9240229730144, 1531.992471586022, 1519.0609201990296, 1506.1293688120375, 1493.197817425045, 1480.266266038053, 1467.3347146510605, 1454.4031632640683, 1441.471611877076, 1428.5400604900838, 1415.6085091030914, 1402.676957716099, 1389.7454063291068, 1376.8138549421144, 1363.8823035551222, 1350.9507521681298, 1338.0192007811377, 1325.0876493941453, 1312.156098007153, 1299.2245466201607, 1286.2929952331683, 1273.3614438461761, 1260.429892459184, 1247.4983410721916, 1234.5667896851992, 1221.6352382982068, 1208.7036869112146, 1195.7721355242224, 1182.84058413723, 1169.9090327502377, 1156.9774813632455, 1144.045929976253, 1131.114378589261, 1118.1828272022685, 1105.2512758152764, 1092.3197244282842, 1079.3881730412918, 1066.4566216542994, 1053.5250702673072, 1040.5935188803148, 1027.6619674933227, 1014.7304161063303, 1001.798864719338, 988.8673133323457, 975.9357619453534, 963.0042105583611, 950.0726591713689, 937.1411077843765, 924.2095563973842, 911.278005010392, 898.3464536233997, 885.4149022364074, 872.4833508494152, 859.5517994624228, 846.6202480754305, 833.6886966884382, 820.7571453014459, 807.8255939144536, 794.8940425274615, 781.9624911404692, 769.0309397534768, 756.0993883664844, 743.1678369794922, 730.2362855924998, 717.3047342055077, 704.3731828185153, 691.4416314315231, 678.5100800445307, 665.5785286575385, 652.6469772705461, 639.7154258835537, 626.7838744965616, 613.8523231095692, 600.920771722577, 587.9892203355846, 575.0576689485924, 562.1261175616003, 549.1945661746076, 536.2630147876155, 523.3314634006233, 510.3999120136309, 506.7139559199552, 497.6674870743192, 485.689950408825, 474.51333142948636, 464.15124712490353, 454.6163220986448, 445.92017318811224, 438.0733953112141, 431.08554855809007, 424.9651465436134, 419.7196460348631, 415.3554378662018, 411.87783915302816, 409.2910868136912, 407.59833240745775, 406.8016382948231, 406.9019751248419, 407.89922065254257, 409.7921598878637, 410.9000000000001], "NORTH": [1119.87760510782, 1119.87760510782, 1119.87760510782, 1119.87760510782, 1119.87760510782, 1119.87760510782, 1119.87760510782, 1119.87760510782, 1119.87760510782, 1119.87760510782, 1119.87760510782, 1119.87760510782, 1119.6051288654417, 1118.7880321086354, 1117.427310343936, 1115.52462140121, 1113.0822834138476, 1110.1032719944733, 1106.5912166096198, 1102.5503961577829, 1097.9857337562426, 1092.902790743003, 1087.3077599011579, 1081.2074579139398, 1074.6093170596412, 1067.5213761565267, 1059.9522707687734, 1058.7031706639275, 1052.0765418715214, 1044.194841701735, 1036.3131415319485, 1028.4314413621623, 1020.5497411923759, 1012.6680410225895, 1004.786340852803, 996.9046406830167, 989.0229405132303, 981.1412403434439, 973.2595401736576, 965.3778400038711, 957.4961398340847, 949.6144396642984, 941.732739494512, 933.8510393247255, 925.9693391549392, 918.0876389851528, 910.2059388153664, 902.32423864558, 894.4425384757936, 886.5608383060072, 878.6791381362209, 870.7974379664345, 862.915737796648, 855.0340376268616, 847.1523374570753, 839.270637287289, 831.3889371175026, 823.5072369477161, 815.6255367779297, 807.7438366081434, 799.862136438357, 791.9804362685707, 784.0987360987842, 776.2170359289978, 768.3353357592114, 760.453635589425, 752.5719354196386, 744.6902352498523, 736.8085350800659, 728.9268349102795, 721.045134740493, 713.1634345707067, 705.2817344009203, 697.400034231134, 689.5183340613476, 681.6366338915611, 673.7549337217747, 665.8732335519884, 657.991533382202, 650.1098332124157, 642.2281330426292, 634.3464328728428, 626.4647327030564, 618.58303253327, 610.7013323634837, 602.8196321936973, 594.9379320239109, 587.0562318541245, 579.174531684338, 571.2928315145517, 563.4111313447654, 555.529431174979, 547.6477310051926, 539.7660308354062, 531.8843306656197, 524.0026304958334, 516.1209303260471, 508.23923015626065, 500.35752998647433, 492.4758298166879, 484.5941296469015, 476.71242947711505, 468.83072930732874, 460.9490291375423, 453.067328967756, 445.18562879796957, 437.30392862818326, 429.42222845839683, 421.5405282886104, 413.658828118824, 405.77712794903755, 397.89542777925124, 390.0137276094648, 382.1320274396785, 374.25032726989207, 366.36862710010575, 358.4869269303192, 350.6052267605329, 342.7235265907465, 334.84182642096016, 326.96012625117373, 319.0784260813874, 311.196725911601, 303.31502574181457, 295.43332557202814, 287.5516254022418, 279.6699252324554, 271.78822506266897, 269.54165774062506, 264.0258809293076, 256.7160891853965, 249.88659734480842, 243.54572609134868, 237.70120079990312, 232.36014212425937, 227.5290573216867, 223.21383232484538, 219.4197245706847, 216.15135659506558, 213.41271040091283, 211.20712260675788, 209.53728038158317, 208.40521817092065, 207.8123152181932, 207.75929388431877, 208.2462187676257, 209.27249662514862, 209.89],